video,time,shot_type,elements,colors,transcript,motion,note
B,0,footage+overlay,text,yellow,,,"El Clasico wide shot, yellow quote caption starting"
B,2,footage+overlay,highlight ring;text,yellow;black,,11.97,"quote grows, dark hand-drawn circle scribble over midfield"
B,4,footage+overlay,text,yellow,,11.74,full quote line over El Clasico footage
B,6,footage+overlay,text,yellow,,8.1,"live Clasico play, yellow Guardiola quote typing on"
B,8,footage+overlay,text,yellow,,8.07,same yellow quote extended over live play
B,10,footage+overlay,text,yellow,,7.89,quote continues over live play
B,12,footage+overlay,text,yellow,,11.61,quote complete with closing quotation mark
B,14,other,,,"For years, Barcelona became synonymous For years, Barcelona became synonymous with one idea, positional play. The",29.61,"held archival still photo of Guardiola, not footage"
B,16,other,text,yellow,"For years, Barcelona became synonymous For years, Barcelona became synonymous with one idea, positional play. The with one idea, positional play. The with one idea, positional play. The footballing philosophy that came to",19.96,POSITIONAL PLAY title drawn over the Guardiola still
B,18,other,text,yellow,"For years, Barcelona became synonymous For years, Barcelona became synonymous with one idea, positional play. The with one idea, positional play. The with one idea, positional play. The footballing philosophy that came to footballing philosophy that came to footballing philosophy that came to define an entire generation. But watch",2.39,"same title over the still, static hold"
B,20,other,,,"with one idea, positional play. The with one idea, positional play. The footballing philosophy that came to footballing philosophy that came to footballing philosophy that came to define an entire generation. But watch",4.11,"same Guardiola still, title removed"
B,22,other,,,footballing philosophy that came to footballing philosophy that came to define an entire generation. But watch define an entire generation. But watch define an entire generation. But watch Barcelona today and something feels,54.9,"held still portrait of coach Flick, not footage"
B,24,other,,,define an entire generation. But watch define an entire generation. But watch Barcelona today and something feels Barcelona today and something feels Barcelona today and something feels different. This isn't the Barcelona of different. This isn't the Barcelona of different. This isn't the Barcelona of endless circulation. They don't always,23.33,"same Flick still dimmed, fade between scenes"
B,26,other,,,Barcelona today and something feels Barcelona today and something feels different. This isn't the Barcelona of different. This isn't the Barcelona of different. This isn't the Barcelona of endless circulation. They don't always endless circulation. They don't always endless circulation. They don't always want to slow the game down. They don't,21.65,dark still photo of Raphinha celebrating
B,28,live footage,,,different. This isn't the Barcelona of different. This isn't the Barcelona of endless circulation. They don't always endless circulation. They don't always endless circulation. They don't always want to slow the game down. They don't want to slow the game down. They don't want to slow the game down. They don't always want to suffocate you with,71.83,match play with scanline filter
B,30,live footage,,,endless circulation. They don't always endless circulation. They don't always want to slow the game down. They don't want to slow the game down. They don't want to slow the game down. They don't always want to suffocate you with always want to suffocate you with always want to suffocate you with position. Sometimes they want to destroy,5.71,"wide Camp Nou play, no overlay"
B,32,footage+overlay,text,black,want to slow the game down. They don't want to slow the game down. They don't always want to suffocate you with always want to suffocate you with always want to suffocate you with position. Sometimes they want to destroy position. Sometimes they want to destroy position. Sometimes they want to destroy you with speed.,6.55,kinetic narration text THEY WANT drawn over live play
B,34,footage+overlay,text,black,always want to suffocate you with always want to suffocate you with position. Sometimes they want to destroy position. Sometimes they want to destroy position. Sometimes they want to destroy you with speed.,8.07,kinetic THEY WANT TO DESTROY YOU WITH SPEED over live play
B,36,live footage,,,position. Sometimes they want to destroy position. Sometimes they want to destroy you with speed.,11.11,"attacking play near the box, no overlay"
B,38,other,,,,119.3,"near-black fade-in, Flick silhouette faint"
B,40,stats card,,,"This season they have scored five goals This season they have scored five goals in four matches against Elchce, Ry",63.11,5 GOALS IN 4 GAMES over FCB crest with Flick cutout
B,42,stats card,,,"This season they have scored five goals This season they have scored five goals in four matches against Elchce, Ry in four matches against Elchce, Ry in four matches against Elchce, Ry Valakano, Valencia, and Panard. But this",9.02,score rows 5-0 and 5-2 building on the crest card
B,44,stats card,,,"This season they have scored five goals This season they have scored five goals in four matches against Elchce, Ry in four matches against Elchce, Ry in four matches against Elchce, Ry Valakano, Valencia, and Panard. But this",3.38,three score rows with opponent crests
B,46,stats card,,,"in four matches against Elchce, Ry in four matches against Elchce, Ry Valakano, Valencia, and Panard. But this Valakano, Valencia, and Panard. But this Valakano, Valencia, and Panard. But this isn't simply a departure from isn't simply a departure from isn't simply a departure from Barcelona's identity. It's an evolution",1.67,"four score rows, PSV 5-1 added"
B,48,stats card,,,"Valakano, Valencia, and Panard. But this Valakano, Valencia, and Panard. But this isn't simply a departure from isn't simply a departure from isn't simply a departure from Barcelona's identity. It's an evolution",0.55,same card plus ALSO 7-2 AGAINST RACING line
B,50,footage+overlay,line between players;zone,white;red;grey,isn't simply a departure from isn't simply a departure from Barcelona's identity. It's an evolution Barcelona's identity. It's an evolution Barcelona's identity. It's an evolution of it. Because Hans Flex hasn't thrown,48.22,"white passing-network lines, shaded polygons, red vertex dots"
B,52,footage+overlay,line between players;zone,white;red;grey,Barcelona's identity. It's an evolution Barcelona's identity. It's an evolution of it. Because Hans Flex hasn't thrown of it. Because Hans Flex hasn't thrown of it. Because Hans Flex hasn't thrown away the principles that made Barcelona,41.04,same network mesh over wider angle
B,54,2D diagram,text,black,of it. Because Hans Flex hasn't thrown of it. Because Hans Flex hasn't thrown away the principles that made Barcelona away the principles that made Barcelona away the principles that made Barcelona Barcelona. has taken them and added,95.78,"white pitch diagram with named Barca dots vs blue dots, kinetic IS TOTAL"
B,56,2D diagram,text,black,"away the principles that made Barcelona away the principles that made Barcelona Barcelona. has taken them and added Barcelona. has taken them and added Barcelona. has taken them and added something new. In this video, we're",17.32,diagram with full IS TOTAL FOOTBALL BACK? question
B,58,other,,,"Barcelona. has taken them and added Barcelona. has taken them and added something new. In this video, we're something new. In this video, we're something new. In this video, we're going to see how exactly Hansifix",121.81,"photo montage, Flick cutout repeated three times"
B,60,other,,,"something new. In this video, we're something new. In this video, we're going to see how exactly Hansifix going to see how exactly Hansifix going to see how exactly Hansifix transformed Barcelona's football. This",22.42,"same Flick montage, slow zoom"
B,62,text card,,,going to see how exactly Hansifix going to see how exactly Hansifix transformed Barcelona's football. This transformed Barcelona's football. This transformed Barcelona's football. This is the tactical analysis of Hansifix,75.96,"title card mid-build, only TA shown"
B,64,text card,,,transformed Barcelona's football. This transformed Barcelona's football. This is the tactical analysis of Hansifix is the tactical analysis of Hansifix is the tactical analysis of Hansifix Barcelona. And you're watching Football,47.73,TACTICAL ANALYSIS HANSI FLICK'S BARCELONA title card
B,66,other,,,is the tactical analysis of Hansifix is the tactical analysis of Hansifix Barcelona. And you're watching Football Barcelona. And you're watching Football Barcelona. And you're watching Football Oculus.,65.94,channel logo animation on green gradient
B,68,other,,,Barcelona. And you're watching Football Barcelona. And you're watching Football Oculus. Oculus. Oculus. Hansif Barcelona has always been built,32.54,logo plus FOOTBALL OCULUS wordmark
B,70,talking head or coach clip,,,Oculus. Oculus. Hansif Barcelona has always been built Hansif Barcelona has always been built Hansif Barcelona has always been built around three fundamental principles.,66.51,"Flick pitchside broadcast shot, cut-in at 70"
B,72,talking head or coach clip,,,"Hansif Barcelona has always been built Hansif Barcelona has always been built around three fundamental principles. around three fundamental principles. around three fundamental principles. Press high, defend high, and attack",2.29,same Flick pitchside shot held
B,74,text card,text,white,"Hansif Barcelona has always been built Hansif Barcelona has always been built around three fundamental principles. around three fundamental principles. around three fundamental principles. Press high, defend high, and attack Press high, defend high, and attack Press high, defend high, and attack vertically. But this season, there has",41.21,"smoky dark bg, principles revealed line by line"
B,76,text card,text,white,"around three fundamental principles. around three fundamental principles. Press high, defend high, and attack Press high, defend high, and attack Press high, defend high, and attack vertically. But this season, there has vertically. But this season, there has vertically. But this season, there has been an important evolution. Barcelona",10.43,third principle line added
B,78,talking head or coach clip,,,"Press high, defend high, and attack Press high, defend high, and attack vertically. But this season, there has vertically. But this season, there has vertically. But this season, there has been an important evolution. Barcelona been an important evolution. Barcelona been an important evolution. Barcelona are still aggressive and direct, but",29.71,"Flick pitchside, second clip"
B,80,talking head or coach clip,,,"vertically. But this season, there has vertically. But this season, there has been an important evolution. Barcelona been an important evolution. Barcelona been an important evolution. Barcelona are still aggressive and direct, but are still aggressive and direct, but are still aggressive and direct, but Flick has placed a greater emphasis on",7.78,same clip held
B,82,talking head or coach clip,,,"been an important evolution. Barcelona been an important evolution. Barcelona are still aggressive and direct, but are still aggressive and direct, but are still aggressive and direct, but Flick has placed a greater emphasis on Flick has placed a greater emphasis on Flick has placed a greater emphasis on controlling games through position. And",7.59,same clip held
B,84,talking head or coach clip,,,Flick has placed a greater emphasis on Flick has placed a greater emphasis on controlling games through position. And controlling games through position. And controlling games through position. And the interesting part is how he has the interesting part is how he has the interesting part is how he has changed the structure to make that,7.43,same clip held
B,86,2D diagram,,,controlling games through position. And controlling games through position. And the interesting part is how he has the interesting part is how he has the interesting part is how he has changed the structure to make that changed the structure to make that changed the structure to make that position more effective. Key part of,168.61,"white-card tactical board, dot players with name labels"
B,88,2D diagram,,,the interesting part is how he has the interesting part is how he has changed the structure to make that changed the structure to make that changed the structure to make that position more effective. Key part of position more effective. Key part of position more effective. Key part of Flick's positional structure is the use,4.13,"same board, dots drifted slightly"
B,90,2D diagram,zone,yellow,changed the structure to make that changed the structure to make that position more effective. Key part of position more effective. Key part of position more effective. Key part of Flick's positional structure is the use Flick's positional structure is the use Flick's positional structure is the use of three-player connections. Barcelona,0.54,yellow triangle zones marking passing triangles on the board
B,92,2D diagram,zone,yellow,position more effective. Key part of position more effective. Key part of Flick's positional structure is the use Flick's positional structure is the use Flick's positional structure is the use of three-player connections. Barcelona of three-player connections. Barcelona of three-player connections. Barcelona constantly look to create passing,0.42,same yellow triangle zones
B,94,2D diagram,zone,yellow,"Flick's positional structure is the use Flick's positional structure is the use of three-player connections. Barcelona of three-player connections. Barcelona of three-player connections. Barcelona constantly look to create passing constantly look to create passing constantly look to create passing triangles around the ball giving the triangles around the ball giving the triangles around the ball giving the player in position options to play over,",2.85,yellow triangles persist
B,96,2D diagram,zone,yellow,"of three-player connections. Barcelona of three-player connections. Barcelona constantly look to create passing constantly look to create passing constantly look to create passing triangles around the ball giving the triangles around the ball giving the triangles around the ball giving the player in position options to play over, player in position options to play over, player in position options to play over, through or around the opposition. These",6.82,yellow triangles persist
B,98,footage+overlay,highlight ring;player label;zone,red;gray;yellow,"triangles around the ball giving the triangles around the ball giving the player in position options to play over, player in position options to play over, player in position options to play over, through or around the opposition. These through or around the opposition. These through or around the opposition. These triangles allow players to rotate",111.67,"red rings, position tags, shaded triangles over live wide shot"
B,100,footage+overlay,highlight ring;player label;zone,red;gray;yellow,"player in position options to play over, player in position options to play over, through or around the opposition. These through or around the opposition. These through or around the opposition. These triangles allow players to rotate triangles allow players to rotate triangles allow players to rotate without destroying the structure. When",6.52,"same overlay, triangles re-formed"
B,102,footage+overlay,highlight ring;player label;zone,red;gray;yellow,"through or around the opposition. These through or around the opposition. These triangles allow players to rotate triangles allow players to rotate triangles allow players to rotate without destroying the structure. When without destroying the structure. When without destroying the structure. When one player moves, another can fill the",7.34,same overlay animating over footage
B,104,footage+overlay,highlight ring;player label;zone,red;gray;yellow,"without destroying the structure. When without destroying the structure. When one player moves, another can fill the one player moves, another can fill the one player moves, another can fill the space while the third maintains the space while the third maintains the space while the third maintains the passing angle. The result is a Barcelona",4.43,same overlay animating over footage
B,106,footage+overlay,highlight ring;player label;zone,red;gray;yellow,"one player moves, another can fill the one player moves, another can fill the space while the third maintains the space while the third maintains the space while the third maintains the passing angle. The result is a Barcelona passing angle. The result is a Barcelona passing angle. The result is a Barcelona side that can circulate the ball while",7.67,same overlay animating over footage
B,108,footage+overlay,highlight ring;player label;zone,red;gray;yellow,space while the third maintains the space while the third maintains the passing angle. The result is a Barcelona passing angle. The result is a Barcelona passing angle. The result is a Barcelona side that can circulate the ball while side that can circulate the ball while side that can circulate the ball while constantly creating new passing lines.,8.63,same overlay animating over footage
B,110,footage+overlay,highlight ring;player label;zone,red;gray;yellow,passing angle. The result is a Barcelona passing angle. The result is a Barcelona side that can circulate the ball while side that can circulate the ball while side that can circulate the ball while constantly creating new passing lines. constantly creating new passing lines. constantly creating new passing lines. But the position is not the end goal.,8.62,same overlay animating over footage
B,112,talking head or coach clip,,,"side that can circulate the ball while side that can circulate the ball while constantly creating new passing lines. constantly creating new passing lines. constantly creating new passing lines. But the position is not the end goal. But the position is not the end goal. But the position is not the end goal. For flick, it is a way of creating the For flick, it is a way of creating the For flick, it is a way of creating the right moment to attack.",65.45,"press-conference still held, next-step motion 0.58 reads as photo not video"
B,114,talking head or coach clip,,,"constantly creating new passing lines. constantly creating new passing lines. But the position is not the end goal. But the position is not the end goal. But the position is not the end goal. For flick, it is a way of creating the For flick, it is a way of creating the For flick, it is a way of creating the right moment to attack.",0.58,"same press-conference still, static"
B,116,other,text,white,"For flick, it is a way of creating the For flick, it is a way of creating the right moment to attack.",62.74,"still player photo with DIRECT VERTICAL RUNNERS caption, not footage"
B,118,other,text,white,Barcelona still want to break lines Barcelona still want to break lines quickly. Whenever a Barcelona player,15.83,"same photo card, subtle background drift"
B,120,2D diagram,,,Barcelona still want to break lines Barcelona still want to break lines quickly. Whenever a Barcelona player quickly. Whenever a Barcelona player quickly. Whenever a Barcelona player receives the ball with an open touch and,151.76,"board reused, no drawn marks yet"
B,122,2D diagram,player label,black;white,"Barcelona still want to break lines Barcelona still want to break lines quickly. Whenever a Barcelona player quickly. Whenever a Barcelona player quickly. Whenever a Barcelona player receives the ball with an open touch and receives the ball with an open touch and receives the ball with an open touch and time to look forward, at least one",1.62,black Open Touch chip attached to Pedri
B,124,2D diagram,,,"quickly. Whenever a Barcelona player quickly. Whenever a Barcelona player receives the ball with an open touch and receives the ball with an open touch and receives the ball with an open touch and time to look forward, at least one time to look forward, at least one time to look forward, at least one teammate immediately looks to attack the",1.33,"chip cleared, plain board"
B,126,2D diagram,arrow;zone,gray;red,"time to look forward, at least one time to look forward, at least one teammate immediately looks to attack the teammate immediately looks to attack the teammate immediately looks to attack the space behind the defense. Players space behind the defense. Players space behind the defense. Players between the lines connect with the",3.48,two gray space zones plus small red arrow
B,128,2D diagram,arrow;zone,gray;red,"teammate immediately looks to attack the teammate immediately looks to attack the space behind the defense. Players space behind the defense. Players space behind the defense. Players between the lines connect with the between the lines connect with the between the lines connect with the center forward, often using double",0.51,"gray zones persist, red arrow and curved run mark"
B,130,2D diagram,,,"space behind the defense. Players space behind the defense. Players between the lines connect with the between the lines connect with the between the lines connect with the center forward, often using double center forward, often using double center forward, often using double movements to manipulate defenders. One",4.16,"zones cleared, plain board"
B,132,2D diagram,,,"between the lines connect with the between the lines connect with the center forward, often using double center forward, often using double center forward, often using double movements to manipulate defenders. One movements to manipulate defenders. One movements to manipulate defenders. One player drops towards the ball,",1.36,"plain board, ball icon moved"
B,134,2D diagram,,,"movements to manipulate defenders. One movements to manipulate defenders. One player drops towards the ball, player drops towards the ball, player drops towards the ball, potentially dragging a defender with potentially dragging a defender with potentially dragging a defender with him, while another attacks the space",3.17,"animated tactic board, striped Barca dots with name tags vs plain blue, ball trail near Espart"
B,136,2D diagram,,,"player drops towards the ball, player drops towards the ball, potentially dragging a defender with potentially dragging a defender with potentially dragging a defender with him, while another attacks the space him, while another attacks the space him, while another attacks the space that has opened behind. This gives",3.54,"same board, Espart drops with ball trail"
B,138,2D diagram,,,"potentially dragging a defender with potentially dragging a defender with him, while another attacks the space him, while another attacks the space him, while another attacks the space that has opened behind. This gives that has opened behind. This gives that has opened behind. This gives Barcelona three players of progressing",1.48,"same board, ball trail moved to Cubarsi"
B,140,2D diagram,,,"him, while another attacks the space him, while another attacks the space that has opened behind. This gives that has opened behind. This gives that has opened behind. This gives Barcelona three players of progressing Barcelona three players of progressing Barcelona three players of progressing through the lines around the opposition",1.55,"same board, ball trail near Bernal"
B,142,2D diagram,,,Barcelona three players of progressing Barcelona three players of progressing through the lines around the opposition through the lines around the opposition through the lines around the opposition or directly in behind. And these runs,1.26,"same board, ball trail near Kouande"
B,144,2D diagram,arrow,red,through the lines around the opposition through the lines around the opposition or directly in behind. And these runs or directly in behind. And these runs or directly in behind. And these runs are not occasional movements. They are not occasional movements. They are not occasional movements. They become almost automatic. The player on,2.69,board plus red dashed run arrow near Yamal
B,146,live footage,,,or directly in behind. And these runs or directly in behind. And these runs are not occasional movements. They are not occasional movements. They are not occasional movements. They become almost automatic. The player on become almost automatic. The player on become almost automatic. The player on the ball knows that someone will attack,140.58,live broadcast frame under faint grid texture from diagram transition
B,148,live footage,,,are not occasional movements. They are not occasional movements. They become almost automatic. The player on become almost automatic. The player on become almost automatic. The player on the ball knows that someone will attack the ball knows that someone will attack the ball knows that someone will attack the space behind and that allows,43.73,"wide live play, AMBILIGHT boards"
B,150,live footage,,,become almost automatic. The player on become almost automatic. The player on the ball knows that someone will attack the ball knows that someone will attack the ball knows that someone will attack the space behind and that allows the space behind and that allows the space behind and that allows Barcelona to turn position into,8.66,live midfield play
B,152,live footage,,,the ball knows that someone will attack the ball knows that someone will attack the space behind and that allows the space behind and that allows the space behind and that allows Barcelona to turn position into Barcelona to turn position into Barcelona to turn position into penetration almost instantly,10.43,live wide play
B,154,live footage,,,Barcelona to turn position into Barcelona to turn position into penetration almost instantly penetration almost instantly penetration almost instantly during the buildup and sustain position.,11.49,"live attack on goal, keeper in green"
B,156,text card,,,penetration almost instantly penetration almost instantly during the buildup and sustain position. during the buildup and sustain position. during the buildup and sustain position. Barcelona increasingly form a 325,90.28,"title card REST DEFENCE / BASE STRUCTURE, white on dark"
B,158,2D diagram,,,"penetration almost instantly penetration almost instantly during the buildup and sustain position. during the buildup and sustain position. during the buildup and sustain position. Barcelona increasingly form a 325 Barcelona increasingly form a 325 Barcelona increasingly form a 325 structure with Kundai, Kubari and",172.24,"board returns after title card, buildup shape"
B,160,2D diagram,,,"during the buildup and sustain position. during the buildup and sustain position. Barcelona increasingly form a 325 Barcelona increasingly form a 325 Barcelona increasingly form a 325 structure with Kundai, Kubari and structure with Kundai, Kubari and structure with Kundai, Kubari and Christensen form the back three. Ahead",6.43,"board, static shape"
B,162,2D diagram,,,"Barcelona increasingly form a 325 Barcelona increasingly form a 325 structure with Kundai, Kubari and structure with Kundai, Kubari and structure with Kundai, Kubari and Christensen form the back three. Ahead Christensen form the back three. Ahead Christensen form the back three. Ahead of them, Pedri and Bernard operate as a",0.71,"board, static shape"
B,164,2D diagram,arrow,yellow,"structure with Kundai, Kubari and structure with Kundai, Kubari and Christensen form the back three. Ahead Christensen form the back three. Ahead Christensen form the back three. Ahead of them, Pedri and Bernard operate as a of them, Pedri and Bernard operate as a of them, Pedri and Bernard operate as a double pivot. Then Barcelona pushed five",0.54,"board, short yellow push arrows on Barca dots"
B,166,2D diagram,line between players,yellow,"Christensen form the back three. Ahead Christensen form the back three. Ahead of them, Pedri and Bernard operate as a of them, Pedri and Bernard operate as a of them, Pedri and Bernard operate as a double pivot. Then Barcelona pushed five double pivot. Then Barcelona pushed five double pivot. Then Barcelona pushed five players into the F5 attacking lanes. The",0.36,yellow zigzag lane lines between players
B,168,2D diagram,line between players;player label,yellow;black,"of them, Pedri and Bernard operate as a of them, Pedri and Bernard operate as a double pivot. Then Barcelona pushed five double pivot. Then Barcelona pushed five double pivot. Then Barcelona pushed five players into the F5 attacking lanes. The players into the F5 attacking lanes. The players into the F5 attacking lanes. The purpose is to stress the opposition",0.45,lane lines plus black number tags 1-5 on dots
B,170,2D diagram,line between players;player label,yellow;black,"double pivot. Then Barcelona pushed five double pivot. Then Barcelona pushed five players into the F5 attacking lanes. The players into the F5 attacking lanes. The players into the F5 attacking lanes. The purpose is to stress the opposition purpose is to stress the opposition purpose is to stress the opposition horizontally, occupy the spaces between",0.45,"same as t=168, static"
B,172,2D diagram,,,"players into the F5 attacking lanes. The players into the F5 attacking lanes. The purpose is to stress the opposition purpose is to stress the opposition purpose is to stress the opposition horizontally, occupy the spaces between horizontally, occupy the spaces between horizontally, occupy the spaces between the lines and create multiple options in",0.53,board plain again
B,174,2D diagram,,,"horizontally, occupy the spaces between horizontally, occupy the spaces between the lines and create multiple options in the lines and create multiple options in the lines and create multiple options in the final third. But this structure can",6.47,"board, advanced shape, no marks"
B,176,2D diagram,,,the lines and create multiple options in the lines and create multiple options in the final third. But this structure can the final third. But this structure can the final third. But this structure can quickly evolve into a 316 structure. One,4.18,"board, near-identical to t=174"
B,178,2D diagram,arrow,yellow,the final third. But this structure can the final third. But this structure can quickly evolve into a 316 structure. One quickly evolve into a 316 structure. One quickly evolve into a 316 structure. One midfielder stays deeper protecting the,0.46,"board, short yellow arrows on back line"
B,180,2D diagram,line between players,yellow,quickly evolve into a 316 structure. One quickly evolve into a 316 structure. One midfielder stays deeper protecting the midfielder stays deeper protecting the midfielder stays deeper protecting the space in front of the back three while space in front of the back three while space in front of the back three while the other midfielder pushes forward and,0.42,yellow zigzag lane lines between players
B,182,2D diagram,line between players,yellow,midfielder stays deeper protecting the midfielder stays deeper protecting the space in front of the back three while space in front of the back three while space in front of the back three while the other midfielder pushes forward and the other midfielder pushes forward and the other midfielder pushes forward and becomes another attacking player.,0.3,"same lane lines, static"
B,184,2D diagram,line between players;player label,yellow;black,space in front of the back three while space in front of the back three while the other midfielder pushes forward and the other midfielder pushes forward and the other midfielder pushes forward and becomes another attacking player.,0.54,lane lines plus black number tags 1-6
B,186,other,text,white,the other midfielder pushes forward and the other midfielder pushes forward and becomes another attacking player. becomes another attacking player. becomes another attacking player. This is where Rodri becomes particularly,129.17,"slow-zoom player portrait, photo-like still not footage, caption RODRI A METRONOME"
B,188,other,text,white,becomes another attacking player. becomes another attacking player. This is where Rodri becomes particularly This is where Rodri becomes particularly This is where Rodri becomes particularly important because he gives Barcelona,16.52,"same portrait with caption, ambiguous still photo vs frozen frame"
B,190,other,,,becomes another attacking player. becomes another attacking player. This is where Rodri becomes particularly This is where Rodri becomes particularly This is where Rodri becomes particularly important because he gives Barcelona important because he gives Barcelona important because he gives Barcelona both security behind the ball and,11.02,"same portrait, caption removed, slow push-in continues"
B,192,frozen footage,,,This is where Rodri becomes particularly This is where Rodri becomes particularly important because he gives Barcelona important because he gives Barcelona important because he gives Barcelona both security behind the ball and both security behind the ball and both security behind the ball and numbers an attack. Rodri gives Flick the,75.03,"freeze-frame of coach and player chat at training, pixel-identical to t=194"
B,194,frozen footage,,,important because he gives Barcelona important because he gives Barcelona both security behind the ball and both security behind the ball and both security behind the ball and numbers an attack. Rodri gives Flick the numbers an attack. Rodri gives Flick the numbers an attack. Rodri gives Flick the idle defensive midfielder to maintain,,"same freeze-frame, motion 0.0 confirms held still"
B,196,other,,,numbers an attack. Rodri gives Flick the numbers an attack. Rodri gives Flick the idle defensive midfielder to maintain idle defensive midfielder to maintain idle defensive midfielder to maintain this 316 structure for long periods and,54.3,"transition frame, frozen training shot dimmed under white grid, not tactical"
B,198,footage+overlay,highlight ring;line between players;player label,red;blue;black;white,idle defensive midfielder to maintain idle defensive midfielder to maintain this 316 structure for long periods and this 316 structure for long periods and this 316 structure for long periods and we saw this against Fire in Barcelona's,51.84,"aerial match view, pink ring, blue glow rings, black connector lines, numbered tags"
B,200,2D diagram,player label,red;blue,this 316 structure for long periods and this 316 structure for long periods and we saw this against Fire in Barcelona's we saw this against Fire in Barcelona's we saw this against Fire in Barcelona's Champions League opener. Rodri started,129.54,"white-card tactical board, Barcelona badges vs blue dots"
B,202,2D diagram,player label,red;blue,we saw this against Fire in Barcelona's we saw this against Fire in Barcelona's Champions League opener. Rodri started Champions League opener. Rodri started Champions League opener. Rodri started alongside Pedri in the double pivot. He,5.39,"white-card board, positions shifted one step"
B,204,2D diagram,arrow;player label,red;blue;yellow,Champions League opener. Rodri started Champions League opener. Rodri started alongside Pedri in the double pivot. He alongside Pedri in the double pivot. He alongside Pedri in the double pivot. He was given the responsibility to sit in,4.55,"board with short yellow movement arrows near Cubarsi, Olmo, Yamal"
B,206,2D diagram,line between players;player label,red;blue;yellow,alongside Pedri in the double pivot. He alongside Pedri in the double pivot. He was given the responsibility to sit in was given the responsibility to sit in was given the responsibility to sit in front of the defense and allow Pedri to front of the defense and allow Pedri to front of the defense and allow Pedri to join the six-man attack,0.55,board with yellow passing lines between badges
B,208,2D diagram,player label,red;blue,was given the responsibility to sit in was given the responsibility to sit in front of the defense and allow Pedri to front of the defense and allow Pedri to front of the defense and allow Pedri to join the six-man attack,3.72,"plain board, no drawn marks this step"
B,210,2D diagram,line between players;player label,red;blue;yellow,front of the defense and allow Pedri to front of the defense and allow Pedri to join the six-man attack join the six-man attack join the six-man attack but during the buildup he usually,0.54,board with yellow lines from deep players forward
B,212,2D diagram,player label,red;blue,join the six-man attack join the six-man attack but during the buildup he usually but during the buildup he usually but during the buildup he usually dropped into the back three and provided,5.3,"plain board, ball icon near Garcia"
B,214,2D diagram,player label,red;blue,join the six-man attack join the six-man attack but during the buildup he usually but during the buildup he usually but during the buildup he usually dropped into the back three and provided dropped into the back three and provided dropped into the back three and provided an additional passing option for the,0.56,"plain board, ball at Garcia"
B,216,2D diagram,player label,red;blue,but during the buildup he usually but during the buildup he usually dropped into the back three and provided dropped into the back three and provided dropped into the back three and provided an additional passing option for the an additional passing option for the an additional passing option for the center backs. From there he could center backs. From there he could center backs. From there he could receive the ball progress the play or,5.93,"plain board, ball near Cubarsi"
B,218,other,,,an additional passing option for the an additional passing option for the center backs. From there he could center backs. From there he could center backs. From there he could receive the ball progress the play or receive the ball progress the play or receive the ball progress the play or find Pedri higher up the pitch. His,70.35,"dissolve mid-frame, board blurring and dimming into footage"
B,220,live footage,,,center backs. From there he could center backs. From there he could receive the ball progress the play or receive the ball progress the play or receive the ball progress the play or find Pedri higher up the pitch. His find Pedri higher up the pitch. His find Pedri higher up the pitch. His positioning and passing allowed,57.15,"wide live play, no overlay"
B,222,live footage,,,receive the ball progress the play or receive the ball progress the play or find Pedri higher up the pitch. His find Pedri higher up the pitch. His find Pedri higher up the pitch. His positioning and passing allowed positioning and passing allowed positioning and passing allowed Barcelona to maintain control while Barcelona to maintain control while Barcelona to maintain control while still committing numbers forward.,10.49,wide live play around center circle
B,224,live footage,,,find Pedri higher up the pitch. His find Pedri higher up the pitch. His positioning and passing allowed positioning and passing allowed positioning and passing allowed Barcelona to maintain control while Barcelona to maintain control while Barcelona to maintain control while still committing numbers forward.,11.16,live midfield play
B,226,live footage,,,Barcelona to maintain control while Barcelona to maintain control while still committing numbers forward. still committing numbers forward. still committing numbers forward. The biggest beneficiary could be Pedri.,10.77,"live play, Barcelona player on ball"
B,228,frozen footage,,,still committing numbers forward. still committing numbers forward. The biggest beneficiary could be Pedri. The biggest beneficiary could be Pedri. The biggest beneficiary could be Pedri. With Rodri providing defensive security,72.16,"held still, Pedri from behind, cut-in frame"
B,230,frozen footage,,,"still committing numbers forward. still committing numbers forward. The biggest beneficiary could be Pedri. The biggest beneficiary could be Pedri. The biggest beneficiary could be Pedri. With Rodri providing defensive security With Rodri providing defensive security With Rodri providing defensive security and controlling the space behind him,",0.34,"same Pedri still held, near-zero motion"
B,232,frozen footage,,,"The biggest beneficiary could be Pedri. The biggest beneficiary could be Pedri. With Rodri providing defensive security With Rodri providing defensive security With Rodri providing defensive security and controlling the space behind him, and controlling the space behind him, and controlling the space behind him, Pedri can stays higher up the pitch and",68.01,"new held still, Pedri portrait in training top"
B,234,other,,,"With Rodri providing defensive security With Rodri providing defensive security and controlling the space behind him, and controlling the space behind him, and controlling the space behind him, Pedri can stays higher up the pitch and Pedri can stays higher up the pitch and Pedri can stays higher up the pitch and spend more time influencing the",41.77,near-black grid transition with faint ghosted figures
B,236,live footage,,,"and controlling the space behind him, and controlling the space behind him, Pedri can stays higher up the pitch and Pedri can stays higher up the pitch and Pedri can stays higher up the pitch and spend more time influencing the spend more time influencing the spend more time influencing the attacking pace. He can focus on",91.87,"wide live play, no overlay"
B,238,live footage,,,"Pedri can stays higher up the pitch and Pedri can stays higher up the pitch and spend more time influencing the spend more time influencing the spend more time influencing the attacking pace. He can focus on attacking pace. He can focus on attacking pace. He can focus on receiving between the lines, connecting receiving between the lines, connecting receiving between the lines, connecting attacks, and creating chances rather",7.02,wide live play at Camp Nou
B,240,live footage,,,"attacking pace. He can focus on attacking pace. He can focus on receiving between the lines, connecting receiving between the lines, connecting receiving between the lines, connecting attacks, and creating chances rather attacks, and creating chances rather attacks, and creating chances rather than constantly worrying about covering",4.08,"live play, duel near center circle"
B,242,live footage,,,"receiving between the lines, connecting receiving between the lines, connecting attacks, and creating chances rather attacks, and creating chances rather attacks, and creating chances rather than constantly worrying about covering than constantly worrying about covering than constantly worrying about covering the space behind him. Another major",7.93,"live play, no overlay"
B,244,text card,text,white,"attacks, and creating chances rather attacks, and creating chances rather than constantly worrying about covering than constantly worrying about covering than constantly worrying about covering the space behind him. Another major the space behind him. Another major the space behind him. Another major change this season is the evolution of",94.97,"title card NEW ROLE FOR RAPHINHA, player cutout sliding in"
B,246,other,text,white,the space behind him. Another major the space behind him. Another major change this season is the evolution of change this season is the evolution of change this season is the evolution of Rafinia's role. This season he is,10.73,"cutout-player name card on grid background, title plus full cutout"
B,248,other,text,white,the space behind him. Another major the space behind him. Another major change this season is the evolution of change this season is the evolution of change this season is the evolution of Rafinia's role. This season he is Rafinia's role. This season he is Rafinia's role. This season he is playing as a number nine but Rafina can,1.63,"same name card held, near-static"
B,250,other,,,Rafinia's role. This season he is Rafinia's role. This season he is playing as a number nine but Rafina can playing as a number nine but Rafina can playing as a number nine but Rafina can drop into midfield and operate almost,35.11,"dissolve mid-frame, name card fading into blurred board"
B,252,2D diagram,player label,red;blue,playing as a number nine but Rafina can playing as a number nine but Rafina can drop into midfield and operate almost drop into midfield and operate almost drop into midfield and operate almost like a false nine. At the same time the,157.72,"board with new lineup labels incl Gordon, Fermin, Bernal"
B,254,2D diagram,line between players;player label,red;blue;yellow,drop into midfield and operate almost drop into midfield and operate almost like a false nine. At the same time the like a false nine. At the same time the like a false nine. At the same time the fullback is given the freedom to move fullback is given the freedom to move fullback is given the freedom to move higher and inside. This allows Barcelona,4.27,"board, yellow link between Fermin and Raphinha"
B,256,2D diagram,arrow;player label,red;blue,like a false nine. At the same time the like a false nine. At the same time the fullback is given the freedom to move fullback is given the freedom to move fullback is given the freedom to move higher and inside. This allows Barcelona higher and inside. This allows Barcelona higher and inside. This allows Barcelona to create a diamond around the ball.,1.29,"board, small blue dashed arrow from Pedri"
B,258,2D diagram,arrow;player label;zone,red;blue;gray,fullback is given the freedom to move fullback is given the freedom to move higher and inside. This allows Barcelona higher and inside. This allows Barcelona higher and inside. This allows Barcelona to create a diamond around the ball. to create a diamond around the ball. to create a diamond around the ball. Rafina's role is then to receive from,3.06,"board, blue dashed arrow Pedri to Raphinha, gray zone right halfspace"
B,260,2D diagram,arrow;line between players;player label;zone,red;blue;gray,higher and inside. This allows Barcelona higher and inside. This allows Barcelona to create a diamond around the ball. to create a diamond around the ball. to create a diamond around the ball. Rafina's role is then to receive from Rafina's role is then to receive from Rafina's role is then to receive from players like Pedri attract defenders,1.39,"board, dashed arrow, gray zone, short red line from Gordon into zone"
B,262,2D diagram,player label,red;blue,to create a diamond around the ball. to create a diamond around the ball. Rafina's role is then to receive from Rafina's role is then to receive from Rafina's role is then to receive from players like Pedri attract defenders players like Pedri attract defenders players like Pedri attract defenders towards him and create the next pass,2.56,"animated tactical board, white pitch card on dark grid, Barcelona red/blue dots vs cyan opponents"
B,264,2D diagram,player label,red;blue,Rafina's role is then to receive from Rafina's role is then to receive from players like Pedri attract defenders players like Pedri attract defenders players like Pedri attract defenders towards him and create the next pass towards him and create the next pass towards him and create the next pass into the space behind. This structure,0.8,"same tactical board, ball dot advanced toward Raphina"
B,266,2D diagram,player label,red;blue,players like Pedri attract defenders players like Pedri attract defenders towards him and create the next pass towards him and create the next pass towards him and create the next pass into the space behind. This structure into the space behind. This structure into the space behind. This structure helps players like Gordon or Ary to use,2.41,"same tactical board, ball dot near Raphina in right halfspace"
B,268,2D diagram,player label,red;blue,into the space behind. This structure into the space behind. This structure helps players like Gordon or Ary to use helps players like Gordon or Ary to use helps players like Gordon or Ary to use their space to exploit the space behind,0.8,"same tactical board, Gordon badge now in right back zone"
B,270,live footage,,,"helps players like Gordon or Ary to use helps players like Gordon or Ary to use their space to exploit the space behind their space to exploit the space behind their space to exploit the space behind the defensive line. Again, it creates a",117.71,"wide match shot at Camp Nou, players moving, no overlay"
B,272,live footage,,,"their space to exploit the space behind their space to exploit the space behind the defensive line. Again, it creates a the defensive line. Again, it creates a the defensive line. Again, it creates a simple but difficult problem for the simple but difficult problem for the simple but difficult problem for the defenders.",8.92,"match footage, ball carrier breaking forward, no overlay"
B,274,live footage,,,"the defensive line. Again, it creates a the defensive line. Again, it creates a simple but difficult problem for the simple but difficult problem for the simple but difficult problem for the defenders.",15.44,"match footage, edge of box action, no overlay"
B,276,live footage,,,simple but difficult problem for the simple but difficult problem for the defenders.,18.21,"match footage, shot toward goal with keeper diving, no overlay"
B,278,other,,,So what has flick actually changed? He So what has flick actually changed? He hasn't abandoned the principles that,41.56,"still press photo of coach Flick held static, not footage"
B,280,other,,,"So what has flick actually changed? He So what has flick actually changed? He hasn't abandoned the principles that hasn't abandoned the principles that hasn't abandoned the principles that define Barcelona. They still press high,",,"same still Flick press photo, static"
B,282,other,,,"So what has flick actually changed? He So what has flick actually changed? He hasn't abandoned the principles that hasn't abandoned the principles that hasn't abandoned the principles that define Barcelona. They still press high, define Barcelona. They still press high, define Barcelona. They still press high, defend high and attack vertically. But",0.75,same still Flick photo plus red SUBSCRIBE button graphic bottom left
B,284,other,,,"define Barcelona. They still press high, define Barcelona. They still press high, defend high and attack vertically. But defend high and attack vertically. But defend high and attack vertically. But there now there is a greater control in",0.17,"same still Flick photo, static"
B,286,other,,,"define Barcelona. They still press high, define Barcelona. They still press high, defend high and attack vertically. But defend high and attack vertically. But defend high and attack vertically. But there now there is a greater control in there now there is a greater control in there now there is a greater control in position. The triangles give them better",,"same still Flick photo, static"
B,288,footage+overlay,highlight ring;line between players;player label,white,defend high and attack vertically. But defend high and attack vertically. But there now there is a greater control in there now there is a greater control in there now there is a greater control in position. The triangles give them better position. The triangles give them better position. The triangles give them better connections. The 325 gives them,42.38,"match footage with white triangle connection lines, CF ellipse and position tags"
B,290,footage+overlay,arrow;highlight ring;line between players;player label;zone,red;white,there now there is a greater control in there now there is a greater control in position. The triangles give them better position. The triangles give them better position. The triangles give them better connections. The 325 gives them connections. The 325 gives them connections. The 325 gives them positional security and 316 gives them,15.71,"match footage, red arrows and red ellipses, translucent red zone near Adeyemi, white connection lines, name tags"
B,292,footage+overlay,arrow;highlight ring;line between players;player label;zone,red;white,position. The triangles give them better position. The triangles give them better connections. The 325 gives them connections. The 325 gives them connections. The 325 gives them positional security and 316 gives them positional security and 316 gives them positional security and 316 gives them both security and attacking numbers.,10.15,"same red overlay set, arrows shifted slightly"
B,294,footage+overlay,highlight ring;line between players,magenta;white,positional security and 316 gives them positional security and 316 gives them both security and attacking numbers. both security and attacking numbers. both security and attacking numbers. Rodri allows Padri to play higher and,49.67,"match footage, chain of pink rings on ball carrier path, dashed white link line, big zoom circle right"
B,296,other,,,positional security and 316 gives them positional security and 316 gives them both security and attacking numbers. both security and attacking numbers. both security and attacking numbers. Rodri allows Padri to play higher and Rodri allows Padri to play higher and Rodri allows Padri to play higher and Rafinia's movement create another way,58.49,"cutout player photo (Pedri 16) on dark navy grid background, still photo not footage"
B,298,other,,,both security and attacking numbers. both security and attacking numbers. Rodri allows Padri to play higher and Rodri allows Padri to play higher and Rodri allows Padri to play higher and Rafinia's movement create another way Rafinia's movement create another way Rafinia's movement create another way out to manipulate the opposition. The,17.05,"photo montage building, two player cutouts plus small shorts photo on grid background"
B,300,other,,,Rodri allows Padri to play higher and Rodri allows Padri to play higher and Rafinia's movement create another way Rafinia's movement create another way Rafinia's movement create another way out to manipulate the opposition. The out to manipulate the opposition. The out to manipulate the opposition. The result is a Barcelona side that can,8.15,"photo montage complete, four cutouts including coach and player 11 on grid background"
B,302,other,,,Rafinia's movement create another way Rafinia's movement create another way out to manipulate the opposition. The out to manipulate the opposition. The out to manipulate the opposition. The result is a Barcelona side that can result is a Barcelona side that can result is a Barcelona side that can control the game with the ball but still,54.61,"full-bleed still photo of Barcelona players celebrating, static across frames"
B,304,other,,,out to manipulate the opposition. The out to manipulate the opposition. The result is a Barcelona side that can result is a Barcelona side that can result is a Barcelona side that can control the game with the ball but still control the game with the ball but still control the game with the ball but still attack with incredible speed when the attack with incredible speed when the attack with incredible speed when the opportunity appears. And the numbers,2.51,"same still celebration photo, static"
B,306,other,,,control the game with the ball but still control the game with the ball but still attack with incredible speed when the attack with incredible speed when the attack with incredible speed when the opportunity appears. And the numbers opportunity appears. And the numbers opportunity appears. And the numbers reflect that evolution with Barcelona 6G,,"same still celebration photo, static"
B,308,stats card,,,attack with incredible speed when the attack with incredible speed when the opportunity appears. And the numbers opportunity appears. And the numbers opportunity appears. And the numbers reflect that evolution with Barcelona 6G reflect that evolution with Barcelona 6G reflect that evolution with Barcelona 6G reaching its highest level across the,59.13,"full-screen xG difference line chart card, numbers-led graphic"
B,310,stats card,,,opportunity appears. And the numbers opportunity appears. And the numbers reflect that evolution with Barcelona 6G reflect that evolution with Barcelona 6G reflect that evolution with Barcelona 6G reaching its highest level across the reaching its highest level across the reaching its highest level across the last three seasons. Flick hasn't changed,0.89,"same xG chart card, static"
B,312,stats card,,,reflect that evolution with Barcelona 6G reflect that evolution with Barcelona 6G reaching its highest level across the reaching its highest level across the reaching its highest level across the last three seasons. Flick hasn't changed last three seasons. Flick hasn't changed last three seasons. Flick hasn't changed Barcelona's identity. He has simply,0.64,"same xG chart card, static"
B,314,other,,,reaching its highest level across the reaching its highest level across the last three seasons. Flick hasn't changed last three seasons. Flick hasn't changed last three seasons. Flick hasn't changed Barcelona's identity. He has simply Barcelona's identity. He has simply Barcelona's identity. He has simply added another layer to it. More,91.7,"outdoor still photo of coach Flick pointing, static"
B,316,other,,,"last three seasons. Flick hasn't changed last three seasons. Flick hasn't changed Barcelona's identity. He has simply Barcelona's identity. He has simply Barcelona's identity. He has simply added another layer to it. More added another layer to it. More added another layer to it. More position, more control, and more ways to",,"same still Flick outdoor photo, static"
B,318,other,,,"added another layer to it. More added another layer to it. More position, more control, and more ways to position, more control, and more ways to position, more control, and more ways to attack.",,"same still Flick outdoor photo, static"
B,320,other,,,"position, more control, and more ways to position, more control, and more ways to attack. attack. attack. Now, let's break down exactly how Hansif",97.47,"empty dark navy grid background, transition frame between photo and chapter title"
B,322,text card,,,"attack. attack. Now, let's break down exactly how Hansif Now, let's break down exactly how Hansif Now, let's break down exactly how Hansif Barcelona press. Barcelona's pressing",22.07,"PRESSING STYLE white title on dark textured background, chapter card"
B,324,text card,,,"attack. attack. Now, let's break down exactly how Hansif Now, let's break down exactly how Hansif Now, let's break down exactly how Hansif Barcelona press. Barcelona's pressing Barcelona press. Barcelona's pressing Barcelona press. Barcelona's pressing structure under Hansifick is built",,"same PRESSING STYLE chapter card, static"
B,326,other,text,white,"Now, let's break down exactly how Hansif Now, let's break down exactly how Hansif Barcelona press. Barcelona's pressing Barcelona press. Barcelona's pressing Barcelona press. Barcelona's pressing structure under Hansifick is built structure under Hansifick is built structure under Hansifick is built around aggressive man-to-man pressing",25.92,chapter title card over still photo of Flick
B,328,other,text,white,Barcelona press. Barcelona's pressing Barcelona press. Barcelona's pressing structure under Hansifick is built structure under Hansifick is built structure under Hansifick is built around aggressive man-to-man pressing around aggressive man-to-man pressing around aggressive man-to-man pressing with the objective of either winning the,1.19,"same title card, sparkle animation only"
B,330,other,text,white,structure under Hansifick is built structure under Hansifick is built around aggressive man-to-man pressing around aggressive man-to-man pressing around aggressive man-to-man pressing with the objective of either winning the with the objective of either winning the with the objective of either winning the ball high up the pitch or forcing the ball high up the pitch or forcing the ball high up the pitch or forcing the opposition to go long against Athletic,0.42,"same title card, sparkle animation only"
B,332,other,text,white,with the objective of either winning the with the objective of either winning the ball high up the pitch or forcing the ball high up the pitch or forcing the ball high up the pitch or forcing the opposition to go long against Athletic opposition to go long against Athletic opposition to go long against Athletic club. Raphina let the press from the,0.7,"same title card, sparkle animation only"
B,334,2D diagram,player label;text,red;blue;black,ball high up the pitch or forcing the ball high up the pitch or forcing the opposition to go long against Athletic opposition to go long against Athletic opposition to go long against Athletic club. Raphina let the press from the club. Raphina let the press from the club. Raphina let the press from the front blocking the passing line between,60.47,blurred zoom transition into diagram
B,336,2D diagram,player label;text,red;blue;black,opposition to go long against Athletic opposition to go long against Athletic club. Raphina let the press from the club. Raphina let the press from the club. Raphina let the press from the front blocking the passing line between front blocking the passing line between front blocking the passing line between the center backs behind him. Firmine and,111.53,Athletic Bilbao pressing setup diagram
B,338,2D diagram,player label;text,red;blue;black,club. Raphina let the press from the club. Raphina let the press from the front blocking the passing line between front blocking the passing line between front blocking the passing line between the center backs behind him. Firmine and the center backs behind him. Firmine and the center backs behind him. Firmine and Pedri picked up the two holding,7.09,"same diagram, dots drift slightly"
B,340,2D diagram,player label;text,red;blue;black,the center backs behind him. Firmine and the center backs behind him. Firmine and Pedri picked up the two holding Pedri picked up the two holding Pedri picked up the two holding midfielders while the Bernal covered the midfielders while the Bernal covered the midfielders while the Bernal covered the number 10. Even when Athletic managed to,0.51,ball icon appears near Raphinha
B,342,2D diagram,arrow;player label;text,red;blue;black,Pedri picked up the two holding Pedri picked up the two holding midfielders while the Bernal covered the midfielders while the Bernal covered the midfielders while the Bernal covered the number 10. Even when Athletic managed to,0.39,small red arrow near Raphinha
B,344,2D diagram,arrow;player label;text;zone,red;blue;black,"midfielders while the Bernal covered the midfielders while the Bernal covered the number 10. Even when Athletic managed to number 10. Even when Athletic managed to number 10. Even when Athletic managed to break the first line, Barcelona reacted break the first line, Barcelona reacted break the first line, Barcelona reacted immediately. When the ball reached the",0.88,dashed red boxes mark midfield matchups
B,346,2D diagram,arrow;player label;text,red;blue;black,"number 10. Even when Athletic managed to number 10. Even when Athletic managed to break the first line, Barcelona reacted break the first line, Barcelona reacted break the first line, Barcelona reacted immediately. When the ball reached the immediately. When the ball reached the immediately. When the ball reached the fullback, Eric Garcia stepped out to",1.0,red line from Eric toward ball
B,348,2D diagram,arrow;player label;text,red;blue;black,"break the first line, Barcelona reacted break the first line, Barcelona reacted immediately. When the ball reached the immediately. When the ball reached the immediately. When the ball reached the fullback, Eric Garcia stepped out to fullback, Eric Garcia stepped out to fullback, Eric Garcia stepped out to press while the rest of the back line",0.71,red arrow from Eric to ball in box
B,350,2D diagram,player label;text,red;blue;black,"immediately. When the ball reached the immediately. When the ball reached the fullback, Eric Garcia stepped out to fullback, Eric Garcia stepped out to fullback, Eric Garcia stepped out to press while the rest of the back line press while the rest of the back line press while the rest of the back line shifted across to cover the space he",1.34,"same diagram, ball moved"
B,352,2D diagram,arrow;player label;text,red;blue;black,"fullback, Eric Garcia stepped out to fullback, Eric Garcia stepped out to press while the rest of the back line press while the rest of the back line press while the rest of the back line shifted across to cover the space he shifted across to cover the space he shifted across to cover the space he left behind. But we saw a different",0.34,small red line near Cubarsi
B,354,2D diagram,player label;text,red;blue;black,shifted across to cover the space he shifted across to cover the space he left behind. But we saw a different left behind. But we saw a different left behind. But we saw a different pressing structure against Rya Valago.,6.97,Rayo Vallecano diagram starts
B,356,2D diagram,player label;text,red;blue;black,"left behind. But we saw a different left behind. But we saw a different pressing structure against Rya Valago. pressing structure against Rya Valago. pressing structure against Rya Valago. During goal kicks, Gordon and Yamal During goal kicks, Gordon and Yamal During goal kicks, Gordon and Yamal pressed the center backs while Rafiniah",0.31,Rayo goal-kick setup diagram
B,358,2D diagram,player label;text,red;blue;black,"pressing structure against Rya Valago. pressing structure against Rya Valago. During goal kicks, Gordon and Yamal During goal kicks, Gordon and Yamal During goal kicks, Gordon and Yamal pressed the center backs while Rafiniah pressed the center backs while Rafiniah pressed the center backs while Rafiniah and Danny Almo picked up the two",4.9,dots repositioned slightly
B,360,2D diagram,player label;text,red;blue;black,"During goal kicks, Gordon and Yamal During goal kicks, Gordon and Yamal pressed the center backs while Rafiniah pressed the center backs while Rafiniah pressed the center backs while Rafiniah and Danny Almo picked up the two and Danny Almo picked up the two and Danny Almo picked up the two midfielders. The idea was to force Rayo",0.81,same diagram
B,362,2D diagram,arrow;player label;text,blue;red;black,pressed the center backs while Rafiniah pressed the center backs while Rafiniah and Danny Almo picked up the two and Danny Almo picked up the two and Danny Almo picked up the two midfielders. The idea was to force Rayo midfielders. The idea was to force Rayo midfielders. The idea was to force Rayo towards one side and then locked that,0.35,small blue arrows near Gondon and Yamal
B,364,2D diagram,arrow;line between players;player label;text,blue;red;black,midfielders. The idea was to force Rayo midfielders. The idea was to force Rayo towards one side and then locked that towards one side and then locked that towards one side and then locked that side down as Rayo played to their right,0.49,dashed blue lines from Pedri and Raphinha
B,366,2D diagram,player label;text,red;blue;black,midfielders. The idea was to force Rayo midfielders. The idea was to force Rayo towards one side and then locked that towards one side and then locked that towards one side and then locked that side down as Rayo played to their right side down as Rayo played to their right side down as Rayo played to their right with three stepped up onto the fullback,1.75,ball near Rayo keeper
B,368,2D diagram,player label;text,red;blue;black,"side down as Rayo played to their right side down as Rayo played to their right with three stepped up onto the fullback with three stepped up onto the fullback with three stepped up onto the fullback while Bernal covered the midfielder while Bernal covered the midfielder while Bernal covered the midfielder behind him. Meanwhile, the back remained",2.27,same diagram
B,370,2D diagram,player label;text,red;blue;black,"with three stepped up onto the fullback with three stepped up onto the fullback while Bernal covered the midfielder while Bernal covered the midfielder while Bernal covered the midfielder behind him. Meanwhile, the back remained behind him. Meanwhile, the back remained behind him. Meanwhile, the back remained compact giving Barcelona a 4v3 advantage",1.62,ball moves up pitch
B,372,2D diagram,player label;text,red;blue;black,"while Bernal covered the midfielder while Bernal covered the midfielder behind him. Meanwhile, the back remained behind him. Meanwhile, the back remained behind him. Meanwhile, the back remained compact giving Barcelona a 4v3 advantage",1.08,same diagram
B,374,2D diagram,player label;text,red;blue;black,"behind him. Meanwhile, the back remained behind him. Meanwhile, the back remained compact giving Barcelona a 4v3 advantage compact giving Barcelona a 4v3 advantage compact giving Barcelona a 4v3 advantage against Rayo's front line. And if Rayo",1.24,ball animating near Pedri
B,376,2D diagram,player label;text,red;blue;black,"compact giving Barcelona a 4v3 advantage compact giving Barcelona a 4v3 advantage against Rayo's front line. And if Rayo against Rayo's front line. And if Rayo against Rayo's front line. And if Rayo attempted to switch long, Despate was",0.73,ball near Pedri
B,378,2D diagram,player label;text,red;blue;black,"against Rayo's front line. And if Rayo against Rayo's front line. And if Rayo attempted to switch long, Despate was attempted to switch long, Despate was attempted to switch long, Despate was ready to jump onto the opposition ready to jump onto the opposition ready to jump onto the opposition fullback with the rest of the defense",0.94,ball long toward Gordon
B,380,2D diagram,player label;text,red;blue;black,"attempted to switch long, Despate was attempted to switch long, Despate was ready to jump onto the opposition ready to jump onto the opposition ready to jump onto the opposition fullback with the rest of the defense fullback with the rest of the defense fullback with the rest of the defense shifting across to cover the space. One",0.92,ball near Gordon
B,382,2D diagram,player label;text,red;blue;black,ready to jump onto the opposition ready to jump onto the opposition fullback with the rest of the defense fullback with the rest of the defense fullback with the rest of the defense shifting across to cover the space. One shifting across to cover the space. One shifting across to cover the space. One of the major discussed aspects of Hans,1.21,ball near Christensen
B,384,other,,,fullback with the rest of the defense fullback with the rest of the defense shifting across to cover the space. One shifting across to cover the space. One shifting across to cover the space. One of the major discussed aspects of Hans of the major discussed aspects of Hans of the major discussed aspects of Hans Flick's Barcelona this season is the Flick's Barcelona this season is the Flick's Barcelona this season is the importance he has placed on physical,147.65,"split card: frozen player photo left, FCB crest right"
B,386,other,,,of the major discussed aspects of Hans of the major discussed aspects of Hans Flick's Barcelona this season is the Flick's Barcelona this season is the Flick's Barcelona this season is the importance he has placed on physical importance he has placed on physical importance he has placed on physical preparation. Blick wanted Julio Google,,"same split card, fully static"
B,388,other,,,Flick's Barcelona this season is the Flick's Barcelona this season is the importance he has placed on physical importance he has placed on physical importance he has placed on physical preparation. Blick wanted Julio Google preparation. Blick wanted Julio Google preparation. Blick wanted Julio Google to be part of his coaching staff as a,0.46,"same split card, fully static"
B,390,talking head or coach clip,,,importance he has placed on physical importance he has placed on physical preparation. Blick wanted Julio Google preparation. Blick wanted Julio Google preparation. Blick wanted Julio Google to be part of his coaching staff as a to be part of his coaching staff as a to be part of his coaching staff as a fitness coach and his approach has been,56.39,"coach close-up on touchline, cut into clip"
B,392,talking head or coach clip,,,preparation. Blick wanted Julio Google preparation. Blick wanted Julio Google to be part of his coaching staff as a to be part of his coaching staff as a to be part of his coaching staff as a fitness coach and his approach has been fitness coach and his approach has been fitness coach and his approach has been to give players more individualized,,"same coach close-up, static"
B,394,talking head or coach clip,,,to be part of his coaching staff as a to be part of his coaching staff as a fitness coach and his approach has been fitness coach and his approach has been fitness coach and his approach has been to give players more individualized to give players more individualized to give players more individualized training programs rather than relying on,0.65,"same coach close-up, static"
B,396,live footage,,,fitness coach and his approach has been fitness coach and his approach has been to give players more individualized to give players more individualized to give players more individualized training programs rather than relying on training programs rather than relying on training programs rather than relying on a one-sizefits-all regime. The objective,91.55,moving training clip inset in rounded card
B,398,live footage,,,training programs rather than relying on training programs rather than relying on a one-sizefits-all regime. The objective a one-sizefits-all regime. The objective a one-sizefits-all regime. The objective was clear improve each player's physical,20.95,training clip inset card
B,400,live footage,,,a one-sizefits-all regime. The objective a one-sizefits-all regime. The objective was clear improve each player's physical was clear improve each player's physical was clear improve each player's physical condition and raise the overall condition and raise the overall condition and raise the overall intensity of the team. The results are,18.76,training clip inset card
B,402,live footage,,,was clear improve each player's physical was clear improve each player's physical condition and raise the overall condition and raise the overall condition and raise the overall intensity of the team. The results are intensity of the team. The results are intensity of the team. The results are becoming visible on the pitch.,24.53,training clip inset card
B,404,other,,,condition and raise the overall condition and raise the overall intensity of the team. The results are intensity of the team. The results are intensity of the team. The results are becoming visible on the pitch. becoming visible on the pitch. becoming visible on the pitch. Barcelona's dual winning percentage in,66.04,"blank paper card mid-entrance, stats fill in next"
B,406,stats card,,,intensity of the team. The results are intensity of the team. The results are becoming visible on the pitch. becoming visible on the pitch. becoming visible on the pitch. Barcelona's dual winning percentage in Barcelona's dual winning percentage in Barcelona's dual winning percentage in these matches were very impressive.,4.68,duels won % list per opponent
B,408,stats card,,,becoming visible on the pitch. becoming visible on the pitch. Barcelona's dual winning percentage in Barcelona's dual winning percentage in Barcelona's dual winning percentage in these matches were very impressive. these matches were very impressive. these matches were very impressive. These numbers are important because flex,1.19,duels won % stat list
B,410,stats card,,,these matches were very impressive. these matches were very impressive. These numbers are important because flex These numbers are important because flex These numbers are important because flex football demands player to repeatedly,1.18,duels won % stat list
B,412,stats card,,,"These numbers are important because flex These numbers are important because flex football demands player to repeatedly football demands player to repeatedly football demands player to repeatedly press, cover ground, competit for second press, cover ground, competit for second press, cover ground, competit for second balls and sustain intensity throughout",1.43,duels won % stat list
B,414,stats card,,,"football demands player to repeatedly football demands player to repeatedly press, cover ground, competit for second press, cover ground, competit for second press, cover ground, competit for second balls and sustain intensity throughout balls and sustain intensity throughout balls and sustain intensity throughout the game. The better Barcelona's",1.23,duels won % stat list
B,416,other,,,"press, cover ground, competit for second press, cover ground, competit for second balls and sustain intensity throughout balls and sustain intensity throughout balls and sustain intensity throughout the game. The better Barcelona's the game. The better Barcelona's the game. The better Barcelona's physical condition, the more",85.44,empty dark grid background between graphics
B,418,frozen footage,,,"balls and sustain intensity throughout balls and sustain intensity throughout the game. The better Barcelona's the game. The better Barcelona's the game. The better Barcelona's physical condition, the more physical condition, the more physical condition, the more aggressively they can press and the aggressively they can press and the aggressively they can press and the longer they can maintain that intensity.",55.41,"training still held, static across 2s steps"
B,420,frozen footage,,,"the game. The better Barcelona's the game. The better Barcelona's physical condition, the more physical condition, the more physical condition, the more aggressively they can press and the aggressively they can press and the aggressively they can press and the longer they can maintain that intensity. longer they can maintain that intensity. longer they can maintain that intensity. But there is still one weakness in",,"same training still, motion 0"
B,422,frozen footage,,,"aggressively they can press and the aggressively they can press and the longer they can maintain that intensity. longer they can maintain that intensity. longer they can maintain that intensity. But there is still one weakness in But there is still one weakness in But there is still one weakness in Flick's aggressive pressing system, fast",1.01,"same training still, static"
B,424,live footage,,,"longer they can maintain that intensity. longer they can maintain that intensity. But there is still one weakness in But there is still one weakness in But there is still one weakness in Flick's aggressive pressing system, fast Flick's aggressive pressing system, fast Flick's aggressive pressing system, fast transitions. Barcelona play with such a",56.6,"wide match shot, Camp Nou"
B,426,live footage,,,"But there is still one weakness in But there is still one weakness in Flick's aggressive pressing system, fast Flick's aggressive pressing system, fast Flick's aggressive pressing system, fast transitions. Barcelona play with such a transitions. Barcelona play with such a transitions. Barcelona play with such a high line and commit so many players",11.19,wide match shot
B,428,live footage,,,"Flick's aggressive pressing system, fast Flick's aggressive pressing system, fast transitions. Barcelona play with such a transitions. Barcelona play with such a transitions. Barcelona play with such a high line and commit so many players high line and commit so many players high line and commit so many players forward. Losing the ball can leave a lot",9.8,"wide match shot, ball in air"
B,430,live footage,,,transitions. Barcelona play with such a transitions. Barcelona play with such a high line and commit so many players high line and commit so many players high line and commit so many players forward. Losing the ball can leave a lot forward. Losing the ball can leave a lot forward. Losing the ball can leave a lot of space behind the defense. And while,10.92,"wide match shot, play advancing"
B,432,live footage,,,high line and commit so many players high line and commit so many players forward. Losing the ball can leave a lot forward. Losing the ball can leave a lot forward. Losing the ball can leave a lot of space behind the defense. And while of space behind the defense. And while of space behind the defense. And while Kubari has the intelligence and,11.51,"attack into the box, orange keeper"
B,434,live footage,,,"forward. Losing the ball can leave a lot forward. Losing the ball can leave a lot of space behind the defense. And while of space behind the defense. And while of space behind the defense. And while Kubari has the intelligence and Kubari has the intelligence and Kubari has the intelligence and composure to defend the situations, he",14.79,"shot at goal, keeper diving"
B,436,live footage,,,"of space behind the defense. And while of space behind the defense. And while Kubari has the intelligence and Kubari has the intelligence and Kubari has the intelligence and composure to defend the situations, he composure to defend the situations, he composure to defend the situations, he is still young and can lack the physical",70.71,player close-up waving in stadium
B,438,other,,,"composure to defend the situations, he composure to defend the situations, he is still young and can lack the physical is still young and can lack the physical is still young and can lack the physical presence needed when the opponents",49.99,dissolve mid-frame into dark grid background
B,440,live footage,,,"composure to defend the situations, he composure to defend the situations, he is still young and can lack the physical is still young and can lack the physical is still young and can lack the physical presence needed when the opponents presence needed when the opponents presence needed when the opponents attack that space at speed. With",77.77,"player close-up, clean after dissolve"
B,442,other,,,presence needed when the opponents presence needed when the opponents attack that space at speed. With attack that space at speed. With attack that space at speed. With Christensen and Aric Garcia becoming Christensen and Aric Garcia becoming Christensen and Aric Garcia becoming fringe players and Aroa having his,116.19,Christensen cutout photo on grid background
B,444,other,,,"attack that space at speed. With attack that space at speed. With Christensen and Aric Garcia becoming Christensen and Aric Garcia becoming Christensen and Aric Garcia becoming fringe players and Aroa having his fringe players and Aroa having his fringe players and Aroa having his future outside of Barcelona, this is",23.39,two player cutouts on grid background
B,446,other,,,"Christensen and Aric Garcia becoming Christensen and Aric Garcia becoming fringe players and Aroa having his fringe players and Aroa having his fringe players and Aroa having his future outside of Barcelona, this is future outside of Barcelona, this is future outside of Barcelona, this is where a player like Alessandro Bastoni",13.98,three player cutouts incl red-kit photo
B,448,other,,,"fringe players and Aroa having his fringe players and Aroa having his future outside of Barcelona, this is future outside of Barcelona, this is future outside of Barcelona, this is where a player like Alessandro Bastoni where a player like Alessandro Bastoni where a player like Alessandro Bastoni could make a major difference. Standing",0.52,"same three cutouts, static"
B,450,other,,,"future outside of Barcelona, this is future outside of Barcelona, this is where a player like Alessandro Bastoni where a player like Alessandro Bastoni where a player like Alessandro Bastoni could make a major difference. Standing could make a major difference. Standing could make a major difference. Standing around 190 cm, Basani could add height",43.74,cutout with large BASTONI caption text
B,452,other,,,"where a player like Alessandro Bastoni where a player like Alessandro Bastoni could make a major difference. Standing could make a major difference. Standing could make a major difference. Standing around 190 cm, Basani could add height",23.0,"near-empty grid background, cutout fading in"
B,454,other,,,"could make a major difference. Standing could make a major difference. Standing around 190 cm, Basani could add height around 190 cm, Basani could add height around 190 cm, Basani could add height and strength to the Barcelona's back and strength to the Barcelona's back and strength to the Barcelona's back line, giving them a much stronger",12.81,cutout Bastoni photo with 180 CM height ruler on dark grid card
B,456,other,,,"around 190 cm, Basani could add height around 190 cm, Basani could add height and strength to the Barcelona's back and strength to the Barcelona's back and strength to the Barcelona's back line, giving them a much stronger line, giving them a much stronger line, giving them a much stronger presence in aerial duels and a more",7.22,"same card, white copy AERIAL PRESENCE / COMMANDING STATURE added"
B,458,other,,,"and strength to the Barcelona's back and strength to the Barcelona's back line, giving them a much stronger line, giving them a much stronger line, giving them a much stronger presence in aerial duels and a more presence in aerial duels and a more presence in aerial duels and a more physical option when defending direct",1.97,same height card held static
B,460,other,,,"line, giving them a much stronger line, giving them a much stronger presence in aerial duels and a more presence in aerial duels and a more presence in aerial duels and a more physical option when defending direct physical option when defending direct physical option when defending direct transitions. His ability to defend",2.01,same height card held static
B,462,live footage,,,"physical option when defending direct physical option when defending direct transitions. His ability to defend transitions. His ability to defend transitions. His ability to defend space, compete physically, and step space, compete physically, and step space, compete physically, and step forward with the ball could also",71.95,"Bastoni in Italy shirt, moving pitch clip"
B,464,live footage,,,"transitions. His ability to defend transitions. His ability to defend space, compete physically, and step space, compete physically, and step space, compete physically, and step forward with the ball could also forward with the ball could also forward with the ball could also complement Click's high-risk approach.",32.44,same Bastoni clip continuing
B,466,frozen footage,,,"space, compete physically, and step space, compete physically, and step forward with the ball could also forward with the ball could also forward with the ball could also complement Click's high-risk approach. complement Click's high-risk approach. complement Click's high-risk approach. Barcelona's pressing system is already",,"identical to t=464, clip frozen"
B,468,talking head or coach clip,,,forward with the ball could also forward with the ball could also complement Click's high-risk approach. complement Click's high-risk approach. complement Click's high-risk approach. Barcelona's pressing system is already Barcelona's pressing system is already Barcelona's pressing system is already effective at forcing turnovers. The next,58.85,"Flick interview, decorative grid texture not tactical"
B,470,talking head or coach clip,,,complement Click's high-risk approach. complement Click's high-risk approach. Barcelona's pressing system is already Barcelona's pressing system is already Barcelona's pressing system is already effective at forcing turnovers. The next effective at forcing turnovers. The next effective at forcing turnovers. The next step is making sure that when the press,29.46,"same Flick interview, he is moving"
B,472,talking head or coach clip,,,"effective at forcing turnovers. The next effective at forcing turnovers. The next step is making sure that when the press step is making sure that when the press step is making sure that when the press is beaten, the defense has a physical",,"identical to t=470, held frame"
B,474,live footage,,,"effective at forcing turnovers. The next effective at forcing turnovers. The next step is making sure that when the press step is making sure that when the press step is making sure that when the press is beaten, the defense has a physical is beaten, the defense has a physical is beaten, the defense has a physical quality to survive the transition and",41.57,"Bastoni in Inter kit, new moving shot"
B,476,live footage,,,"is beaten, the defense has a physical is beaten, the defense has a physical quality to survive the transition and quality to survive the transition and quality to survive the transition and that is where Barcelona could take flick",28.48,"same Inter shot, slight movement"
B,478,frozen footage,,,quality to survive the transition and quality to survive the transition and that is where Barcelona could take flick that is where Barcelona could take flick that is where Barcelona could take flick system to another level. Barcelona after,,"identical to t=476, clip frozen"
B,480,other,,,that is where Barcelona could take flick that is where Barcelona could take flick system to another level. Barcelona after system to another level. Barcelona after system to another level. Barcelona after five matches sit comprehensively on the,149.89,Flick cutout photo on white textured designed background
B,482,stats card,,,system to another level. Barcelona after system to another level. Barcelona after five matches sit comprehensively on the five matches sit comprehensively on the five matches sit comprehensively on the top of the La Liga table and they look,4.28,La Liga table of numbers beside Flick cutout
B,484,other,,,five matches sit comprehensively on the five matches sit comprehensively on the top of the La Liga table and they look top of the La Liga table and they look top of the La Liga table and they look like a force to record. If Barcelona can,121.85,"blank designed grid background, no content"
B,486,live footage,,,"top of the La Liga table and they look top of the La Liga table and they look like a force to record. If Barcelona can like a force to record. If Barcelona can like a force to record. If Barcelona can keep this impressive form, do you think",66.21,"Flick waving in night stadium, moving footage"
B,488,live footage,,,"like a force to record. If Barcelona can like a force to record. If Barcelona can keep this impressive form, do you think keep this impressive form, do you think keep this impressive form, do you think they can achieve the dream of sixth UCL",8.96,"same footage with UCL trophy graphic insert, not tactical"
B,490,live footage,,,"keep this impressive form, do you think keep this impressive form, do you think they can achieve the dream of sixth UCL they can achieve the dream of sixth UCL they can achieve the dream of sixth UCL title? If you did enjoy the video, drop",2.24,"trophy insert held, footage near still"
B,492,live footage,,,"they can achieve the dream of sixth UCL they can achieve the dream of sixth UCL title? If you did enjoy the video, drop title? If you did enjoy the video, drop title? If you did enjoy the video, drop a like and don't forget to subscribe for",2.27,trophy insert plus small X and tick decorations appear
B,494,text card,,,"title? If you did enjoy the video, drop title? If you did enjoy the video, drop a like and don't forget to subscribe for a like and don't forget to subscribe for a like and don't forget to subscribe for such videos and keep watching",78.69,THANKS FOR WATCHING on green gradient
B,496,text card,,,a like and don't forget to subscribe for a like and don't forget to subscribe for such videos and keep watching such videos and keep watching such videos and keep watching Footballas.,22.85,CHECK OUT THIS VIDEO'S end-screen card
B,498,text card,,,such videos and keep watching such videos and keep watching Footballas.,55.54,"same end-screen card, gradient animating"
